{"cameraMode":{"drawMode":0,"name":"Shaded","section":"Shading Mode"},"sceneLighting":true,"audioPlay":false,"sceneViewState":{"showFog":true,"showMaterialUpdate":false,"showSkybox":true,"showFlares":true,"showImageEffects":true,"showParticleSystems":true},"in2DMode":false,"pivot":{"x":0.7156396508216858,"y":1.485856056213379,"z":3.7959041595458986},"rotation":{"x":-0.0006272500613704324,"y":-0.9887652397155762,"z":0.14943720400333405,"w":-0.00415613641962409},"size":2.006584405899048,"orthographic":false}